year,month,sst,chlorophyll,wind_speed,pressure,solar_radiation,precipitation,salinity,nitrate,phosphate,silicate,chlorophyll_coverage,red_tide_label
2004,1,10.3996972705,4.72871978022,2.96096358974,102172.622051,107.145554359,0.0707953846154,34.0130238329,2.56924650911,0.255995475378,5.11667039687,0.466666666667,0
2004,2,6.73196993811,4.07028421053,0.701137435897,101832.115385,163.641393333,0.0824553846154,34.1672469072,2.64642430989,0.332853141267,5.19931160416,0.487179487179,0
2004,3,5.4001439206,3.58326436782,2.28057897436,101685.193333,171.562298462,0.0728287179487,34.2376305638,2.69454347078,0.389589173823,5.26570564567,0.446153846154,0
2004,4,6.7253965812,8.23962349398,0.982506153846,101030.349744,219.914061538,0.139577948718,34.2800352247,2.71917626787,0.410181803905,5.28553486782,0.851282051282,0
2004,5,10.3869098428,7.99714378698,1.81894666667,100607.447692,228.111099487,0.181057948718,34.2313377598,2.70057935041,0.389771722402,5.25291150158,0.866666666667,1
2004,6,15.3800512821,7.39787730496,2.23150871795,100450.851282,225.156615385,0.16262974359,34.1629263466,2.64455200839,0.33244492172,5.20423999476,0.723076923077,1
2004,7,20.3962497932,8.27640941176,4.40032153846,100229.080769,270.017646667,0.0756543589744,33.9784313791,2.5657391838,0.255975399265,5.12733396687,0.871794871795,0
2004,8,24.0517419355,8.88754730539,2.69794,100181.448718,246.060894359,0.0905528205128,33.8838108628,2.48531939609,0.179832870885,5.04425008196,0.85641025641,0
2004,9,25.3905709402,6.33212132353,3.04830769231,100898.410513,163.248323077,0.193426666667,33.7560381584,2.42768351569,0.122901801401,4.98932754946,0.697435897436,0
2004,10,24.0535765095,5.64850542636,4.61141692308,101628.340769,172.967520513,0.0410753846154,33.6596477623,2.40784690454,0.102689120888,4.98090771791,0.661538461538,0
2004,11,20.3934461538,4.42970754717,1.55038923077,101954.598462,132.928169231,0.0842615384615,33.757980277,2.42885728729,0.123575019494,4.9953631572,0.54358974359,0
2004,12,15.391025641,3.88361980198,3.50363076923,102106.382308,92.7404425641,0.127531282051,33.85246999,2.48588211168,0.179431186674,5.05758843305,0.517948717949,0
2005,1,10.3884301075,5.88534245283,3.86586820513,102116.648974,104.412483077,0.0603779487179,34.0690375641,2.54635741704,0.255265511294,5.09986849789,0.54358974359,0
2005,2,6.73200732601,5.04208333333,3.59391948718,102058.576667,104.804473846,0.164172307692,34.2071696687,2.62864880601,0.330903366014,5.17406712168,0.307692307692,0
2005,3,5.38402812242,6.28072746479,1.13357897436,101855.497179,188.534480513,0.0753702564103,34.2980040597,2.68493712413,0.387181568348,5.21822684347,0.728205128205,0
2005,4,6.73191623932,9.27293291139,2.26792615385,101147.436154,234.609446154,0.0910405128205,34.3517711456,2.70808952812,0.40787711524,5.25826085844,0.810256410256,1
2005,5,10.3860496278,8.07860509554,2.70699794872,100651.578205,213.44113641,0.15876974359,34.2933447858,2.68228205471,0.387071113893,5.22477482409,0.805128205128,1
2005,6,15.3933264957,7.74423592814,3.43552102564,100136.911282,252.388907692,0.0921774358974,34.1835197965,2.628487636,0.331215156684,5.18015508778,0.85641025641,1
2005,7,20.3925409429,9.38537125,3.47487230769,100237.378974,240.012651282,0.0921717948718,34.0394278303,2.55217864902,0.255434045168,5.09102992712,0.820512820513,1
2005,8,24.0400843672,9.45916158537,2.92375435897,100279.918974,213.405446667,0.211068205128,33.9130565088,2.47150790722,0.178676560953,5.01815995079,0.841025641026,1
2005,9,25.3939418803,7.51534710145,2.25637128205,100927.218462,210.126092308,0.0942415384615,33.7840471187,2.4141259073,0.122271866036,4.95942677234,0.707692307692,1
2005,10,24.0492092639,5.54178235294,3.88222717949,101634.871795,157.944729744,0.0478656410256,33.7357474297,2.39240029506,0.102993856374,4.96063976043,0.697435897436,0
2005,11,20.3967692308,4.31262352941,1.55787846154,101699.100513,115.922430769,0.0856846153846,33.7716461572,2.41650793901,0.122635869652,4.98056648239,0.523076923077,0
2005,12,15.3967791563,5.68091415929,3.57805384615,102388.692051,109.422909744,0.0436707692308,33.8802806809,2.47651879258,0.178564881757,5.02568485804,0.579487179487,0
2006,1,10.3997634409,3.05588461538,3.25351692308,102087.265385,96.5484507692,0.117710769231,34.1011753214,2.54063218062,0.253835616606,5.07515610948,0.266666666667,0
2006,2,6.72891758242,4.51757032967,3.14843025641,102285.974359,122.345224615,0.0956261538462,34.2202971801,2.61259815867,0.329793173759,5.15800313981,0.466666666667,0
2006,3,5.38648800662,6.30127008547,0.709185128205,101479.517949,197.880583077,0.062481025641,34.3026661948,2.66806546472,0.385339652868,5.19345783857,0.6,0
2006,4,6.7364,8.56369480519,1.04310512821,100915.76359,222.454430769,0.139756923077,34.3842567864,2.69115402354,0.406045214105,5.2333101873,0.789743589744,0
2006,5,10.3944995864,10.145036,1.10730871795,100839.426154,204.691489744,0.208688717949,34.34307606,2.66814587079,0.384937959029,5.2075423688,0.769230769231,1
2006,6,15.3917965812,8.12194382716,2.60941897436,100261.651282,228.597861538,0.142665128205,34.21593445,2.61382303605,0.329806966877,5.1378494403,0.830769230769,1
2006,7,20.3936641853,9.11139876543,4.06610615385,100065.508718,229.430856923,0.124966666667,34.0921766637,2.53019301681,0.253397734744,5.07944992755,0.830769230769,0
2006,8,24.0479768404,9.13311320755,2.32440358974,100310.129231,248.567220513,0.0460158974359,33.9143422578,2.46567963817,0.177214396377,4.99470746143,0.815384615385,0
2006,9,25.3762324786,7.77824184397,4.07460615385,100927.85641,168.739430769,0.148695897436,33.8115033252,2.40372311284,0.121947305449,4.92950131042,0.723076923077,0
2006,10,24.0543804797,5.22148518519,2.56979589744,101428.808205,166.847055385,0.0164123076923,33.716893201,2.38565160484,0.101868380263,4.92594654799,0.692307692308,1
2006,11,20.3878700855,5.99134758065,1.80794564103,101551.645641,112.0856,0.125753846154,33.8267652039,2.40469908162,0.121594415808,4.9441445742,0.635897435897,0
2006,12,15.3849048801,5.28187619048,3.61011846154,102321.684615,98.9354030769,0.0472569230769,33.9350810107,2.45929231035,0.17782167863,4.98597452924,0.538461538462,1
2007,1,10.3889462366,4.72062197802,3.89023025641,102409.59641,105.748885128,0.0552333333333,34.1074341301,2.5219005696,0.251736465296,5.05155633685,0.466666666667,0
2007,2,6.72813003663,4.89661307692,1.5400025641,101728.46359,157.899954872,0.0686743589744,34.2373088169,2.59837262102,0.327915814219,5.12826858435,0.666666666667,1
2007,3,5.39955996691,6.84470300752,1.64521230769,101485.372821,173.493582564,0.115592820513,34.3220759896,2.65361246595,0.38293450272,5.17908055464,0.682051282051,0
2007,4,6.73328034188,7.7366751634,1.13082205128,101340.967692,208.855492308,0.119333333333,34.4333623002,2.67371519172,0.403840805993,5.19810806865,0.784615384615,0
2007,5,10.3864135649,7.39470352941,2.37984102564,100575.956923,242.530375897,0.0728738461538,34.3958422208,2.65588292421,0.383218869666,5.17670808459,0.871794871795,0
2007,6,15.3829726496,8.93590191083,2.38714615385,100306.669744,208.835876923,0.150857435897,34.2726231489,2.59441230211,0.327409729729,5.12281288993,0.805128205128,1
2007,7,20.3881488834,8.67029382716,2.61512666667,100022.22359,250.518630769,0.104359487179,34.0611068817,2.52543680203,0.251982760618,5.04415589137,0.830769230769,1
2007,8,24.0718676592,9.62810849673,4.23448666667,100215.798462,230.978376923,0.0986246153846,33.9253312222,2.44645090016,0.17696938507,4.96029353601,0.784615384615,1
2007,9,25.383182906,6.71767333333,2.81915641026,100668.004103,174.543692308,0.194393333333,33.8527221916,2.39329429112,0.121158993292,4.9069372876,0.692307692308,1
2007,10,24.0552721257,5.5773625,3.92633384615,101487.048462,159.079234359,0.129082051282,33.7826822126,2.37606941095,0.101054012005,4.88591574871,0.65641025641,0
2007,11,20.3881692308,5.02953636364,3.83195076923,101986.467692,116.546384615,0.0244682051282,33.7827001937,2.39199042792,0.121328746335,4.91040177548,0.620512820513,1
2007,12,15.3911861042,3.67409846154,3.02603897436,101928.485128,92.8623917949,0.0569666666667,33.9765053517,2.44853682773,0.176918385197,4.96612210371,0.333333333333,0
2008,1,10.39881555,3.65862470588,4.40292666667,102265.719231,85.6977035897,0.0793405128205,34.1082568132,2.51167130922,0.251714219659,5.02668280462,0.435897435897,0
2008,2,6.72934571176,3.5087254902,3.43897589744,102327.872821,154.365616923,0.0567143589744,34.3016820197,2.5913933777,0.326127867975,5.08711045048,0.261538461538,0
2008,3,5.38714640199,4.74042991453,1.21822205128,101544.732051,200.222148205,0.0581712820513,34.4278635313,2.64098205239,0.380688155863,5.14961788662,0.6,1
2008,4,6.71450598291,5.55332169811,1.49626307692,101119.158974,200.704569231,0.110257948718,34.4635772245,2.65895401647,0.401580420969,5.18298601864,0.54358974359,0
2008,5,10.3891861042,8.0704154321,2.11782769231,100561.216923,250.606829744,0.117807179487,34.4649560064,2.63344097401,0.381457402684,5.1451068818,0.830769230769,1
2008,6,15.3789880342,8.46929166667,2.59737230769,100254.115897,182.471276923,0.336491282051,34.3144588164,2.57858981188,0.325993074905,5.0892700316,0.676923076923,1
2008,7,20.4012787428,8.81893184713,4.74074923077,100119.118462,258.998434359,0.0744830769231,34.1554586883,2.51170160402,0.250682466954,5.02231576293,0.805128205128,1
2008,8,24.0443655914,9.3895,1.75298461538,100268.732308,226.803026667,0.136353846154,33.9890037421,2.44228969062,0.175566146103,4.94829791175,0.805128205128,1
2008,9,25.396642735,6.42029090909,2.87679692308,100736.391026,184.291338462,0.171222564103,33.8759613728,2.38106736167,0.121076940193,4.88024016692,0.676923076923,1
2008,10,24.0485690653,4.55251454545,2.08386923077,101439.812564,147.094984103,0.0752651282051,33.8231453039,2.35841012285,0.10027887752,4.85963462824,0.564102564103,0
2008,11,20.3961538462,5.97760666667,3.09703128205,101898.768974,111.677538462,0.116084615385,33.8687174123,2.37878153023,0.12053163857,4.88520226827,0.692307692308,0
2008,12,15.4036807279,5.59716341463,2.30831538462,102097.879487,113.650657949,0.0258369230769,33.9859190325,2.43473322849,0.176200386051,4.93219061601,0.630769230769,0
2009,1,10.3993730356,5.09221489362,3.31016051282,102316.140769,111.815489744,0.0362846153846,34.1936838059,2.49804136776,0.250218675922,4.99735938022,0.482051282051,0
2009,2,6.727503663,2.22062337662,2.22037538462,101589.054103,109.215220513,0.143553333333,34.3492581589,2.5767382164,0.324263727032,5.07188214573,0.394871794872,0
2009,3,5.38351695616,6.0375960396,2.03063641026,101585.246667,166.474324103,0.103433846154,34.4375878846,2.62405042007,0.379077734604,5.13003641666,0.517948717949,0
2009,4,6.72964615385,8.40855098039,1.47644717949,101246.686154,237.520569231,0.122082564103,34.474015424,2.65194001231,0.398951401749,5.1440263014,0.784615384615,0
2009,5,10.3790388751,7.05190924855,1.28535076923,100890.340513,262.964304103,0.072678974359,34.4190086489,2.62896942463,0.378872467946,5.12892684626,0.887179487179,1
2009,6,15.3921350427,7.81532484472,3.37486410256,100084.097179,233.611738462,0.179649230769,34.3494520986,2.57057719984,0.324697742125,5.07060748777,0.825641025641,0
2009,7,20.3880330852,8.65036075949,3.48474153846,100118.056667,218.101390256,0.152495384615,34.2182058824,2.4929380018,0.249512609795,4.99911917978,0.810256410256,0
2009,8,24.0569578164,10.487323871,2.82148923077,100254.007179,210.893794872,0.189710769231,34.0432072678,2.42123365736,0.175158005154,4.91462443609,0.794871794872,0
2009,9,25.3980717949,7.54839214286,3.36401641026,100819.031026,180.306753846,0.191042564103,33.9221494469,2.36467373843,0.119700344031,4.85443877657,0.717948717949,0
2009,10,24.0427907361,5.46416744186,2.51944410256,101301.550769,173.171659487,0.0415384615385,33.8627028529,2.34786081197,0.0997440588508,4.84386724431,0.661538461538,0
2009,11,20.3966,5.03508333333,3.30373076923,101908.253333,96.9443384615,0.130565128205,33.8525582826,2.36636843865,0.119544797171,4.8626373867,0.523076923077,0
2009,12,15.3882233251,4.8606691358,3.13574410256,102033.274872,102.221562051,0.0599748717949,34.0506264045,2.42415458493,0.174923182284,4.92395115957,0.415384615385,0
2010,1,10.3936840364,5.29716947368,2.23969076923,102166.55359,114.991320513,0.0610758974359,34.2679843212,2.4769559106,0.248440957349,4.95918982359,0.487179487179,0
2010,2,6.72321978022,4.38023928571,1.73991333333,101696.438974,115.207191795,0.122591282051,34.3974631548,2.55378375812,0.322741158345,5.04752218813,0.430769230769,0
2010,3,5.38325227461,5.50667083333,1.46259435897,101683.330256,163.077057949,0.160383076923,34.4328497375,2.61013947713,0.377037262107,5.08224690213,0.615384615385,0
2010,4,6.72477777778,8.54194375,1.57446410256,101459.226667,190.594953846,0.145456410256,34.4794593165,2.62849973373,0.39717918509,5.12341070695,0.820512820513,0
2010,5,10.3891066998,8.44158333333,2.18184410256,100682.953846,217.044846667,0.129663076923,34.4653580607,2.60925886841,0.376761173783,5.09147532966,0.861538461538,1
2010,6,15.3848393162,8.56636458333,1.83114307692,100433.973846,196.929261538,0.250609230769,34.394704492,2.55450544054,0.323034226673,5.04159452354,0.738461538462,1
2010,7,20.3900016543,9.75555974026,3.65027589744,100261.51641,203.869751282,0.262133846154,34.2240644707,2.48366099527,0.248040983924,4.97106126578,0.789743589744,1
2010,8,24.0513399504,9.02369556962,2.97271794872,100454.454103,245.546850769,0.0723087179487,34.0828142532,2.40247788481,0.173679007853,4.89333950147,0.810256410256,0
2010,9,25.3900615385,7.22569857143,1.94756102564,100817.631795,176.743015385,0.116601025641,33.9441035108,2.35269590931,0.119377626361,4.82532846968,0.717948717949,0
2010,10,24.0500297767,4.51953652174,4.1926174359,101465.323077,139.235371282,0.107223589744,33.9113668865,2.33575467092,0.0992480236391,4.81527054167,0.589743589744,0
2010,11,20.3911059829,3.57763793103,1.73611128205,101812.707949,129.237292308,0.0254179487179,33.9523686855,2.35514748095,0.119580505971,4.83254556276,0.446153846154,0
2010,12,15.3977750207,5.19730363636,2.94718871795,101636.171282,118.116899487,0.0686261538462,34.0782770841,2.40508186061,0.173999242505,4.89049913685,0.564102564103,0
2011,1,10.3925012407,3.483825,4.99386512821,102550.115385,107.602351282,0.0318266666667,34.2601840534,2.46526316715,0.247045092795,4.92945569507,0.0615384615385,0
2011,2,6.73901648352,5.07473894737,2.62138410256,101808.329231,142.891193846,0.0378035897436,34.3439143244,2.53931928259,0.321106842552,4.99954162056,0.487179487179,0
2011,3,5.38792886683,5.80719836066,1.27208923077,102007.594615,201.60595641,0.0473271794872,34.5435868462,2.59237199157,0.375143784676,5.06462544654,0.625641025641,0
2011,4,6.73401196581,7.29448023952,0.952265641026,101183.194872,236.832984615,0.0587579487179,34.5592681649,2.61452758326,0.39462937652,5.07551582832,0.85641025641,0
2011,5,10.3839917287,8.76234620253,1.39186461538,100705.605385,228.218407179,0.0597671794872,34.5111660671,2.59421881916,0.375174292027,5.05904825036,0.810256410256,1
2011,6,15.3986,7.05081438356,2.58962871795,100163.771538,181.615846154,0.431849230769,34.4275973069,2.55113598904,0.320722024234,5.00213630318,0.748717948718,1
2011,7,20.3980347395,10.4413874172,4.06794205128,100040.937179,249.105142051,0.0609441025641,34.250532779,2.4684826848,0.2471015841,4.93459491429,0.774358974359,1
2011,8,24.0499867659,9.4112826087,2.10246512821,100222.056923,208.780310256,0.142874871795,34.1309477488,2.39139744422,0.17261779842,4.86453157609,0.707692307692,1
2011,9,25.3867333333,6.91488098592,3.44785435897,100817.636154,196.618584615,0.0498456410256,33.9411602098,2.34010693102,0.119018237713,4.80964009431,0.728205128205,1
2011,10,24.0485971878,5.47349761905,3.66336,101566.648718,143.285926667,0.0595379487179,33.9634879319,2.31417353902,0.0993308972638,4.79566880097,0.646153846154,0
2011,11,20.3871931624,5.56923414634,2.50939282051,101730.96641,107.086907692,0.107685641026,33.9573492947,2.34294771294,0.118687509842,4.81004730563,0.630769230769,0
2011,12,15.3991100083,4.41250555556,4.4501825641,102407.359231,98.7857287179,0.0434594871795,34.1005713232,2.40095099678,0.17308068652,4.87847796273,0.184615384615,0
2012,1,10.3962431762,5.1295028169,4.34473179487,102215.496154,88.7724902564,0.0682938461538,34.2894489786,2.45266454868,0.245787188901,4.90831586109,0.364102564103,0
2012,2,6.74113174182,2.88556363636,3.86908102564,101988.927179,111.217721538,0.110971282051,34.4599760541,2.53074638279,0.319530500896,4.97854052433,0.338461538462,0
2012,3,5.39720595533,5.76544067797,1.74598871795,101674.241538,166.082086667,0.172131282051,34.5262966771,2.5816142186,0.373042017005,5.03966280278,0.605128205128,0
2012,4,6.72588717949,6.23229302326,2.20033282051,100913.930769,215.147784615,0.147561538462,34.5926672637,2.60675803154,0.392675702526,5.06497304057,0.661538461538,0
2012,5,10.3846071133,4.34764190476,2.16989179487,100684.697179,222.856043077,0.187059487179,34.5475512723,2.5781427805,0.373256499642,5.03832020689,0.538461538462,1
2012,6,15.389757265,5.08965384615,2.66920307692,100098.214872,190.877630769,0.306287692308,34.4266757913,2.52697153775,0.319252121866,4.98093753835,0.533333333333,1
2012,7,20.4007030604,7.22302118644,3.55459589744,100095.885641,238.429298462,0.121681025641,34.3056928735,2.45728587078,0.246141173787,4.91544179769,0.605128205128,0
2012,8,24.0460744417,6.06072608696,3.10128410256,100088.574872,216.628747179,0.218523076923,34.1611382239,2.37525544889,0.171723113148,4.84152258405,0.589743589744,0
2012,9,25.3952034188,5.62401327434,2.33379487179,100954.210769,177.597830769,0.133209230769,33.9913823297,2.32211735447,0.118076204033,4.78011527802,0.579487179487,0
2012,10,24.0546947891,4.13769910714,2.69892564103,101438.011538,171.902773846,0.0213287179487,34.007897313,2.30624004671,0.0984153874223,4.76652783398,0.574358974359,0
2012,11,20.3859418803,4.31343516484,2.00218205128,101635.051282,116.394123077,0.130634871795,34.0696006008,2.32644695056,0.117813054495,4.77716279911,0.466666666667,0
2012,12,15.3906153846,3.50465862069,3.27629538462,102086.793333,88.2200225641,0.108466153846,34.0886356509,2.38253175206,0.172225096137,4.83161677057,0.297435897436,0
2013,1,10.3872588916,4.53103296703,2.29050358974,102256.372308,113.916653846,0.0422025641026,34.3226382924,2.43822816261,0.243996213312,4.87937962797,0.466666666667,0
2013,2,6.72986263736,3.96555555556,3.08607333333,102057.331282,108.940964103,0.127978461538,34.4511434604,2.51407855938,0.317052316655,4.96244330533,0.138461538462,0
2013,3,5.38934491315,4.18567653061,1.41988564103,101523.803077,187.225946667,0.0907923076923,34.5764256917,2.56559932585,0.370849080337,5.01235113214,0.502564102564,0
2013,4,6.73691623932,5.46518899083,0.944466666667,101089.086154,229.695092308,0.110283589744,34.6233732227,2.58746659964,0.390605477173,5.02976077687,0.558974358974,0
2013,5,10.3925260546,5.36633423423,3.00927641026,100665.898974,207.252821026,0.128346666667,34.5957911024,2.56614977046,0.371334047986,5.00849866222,0.569230769231,1
2013,6,15.3811350427,4.90257363636,1.88032410256,100253.757692,174.394246154,0.306067692308,34.4836940562,2.51661734547,0.31744142646,4.95380388477,0.564102564103,1
2013,7,20.3825392887,6.17695041322,5.65876666667,100180.255128,275.68975641,0.0315492307692,34.341899919,2.44872878395,0.244040885628,4.87824834372,0.620512820513,1
2013,8,24.0527741935,6.13587166667,3.32565846154,100214.189744,240.23146359,0.0798497435897,34.175290569,2.37557222262,0.171323439657,4.81783020992,0.615384615385,1
2013,9,25.3887145299,5.52034333333,3.33782051282,100946.670256,191.553230769,0.0622235897436,34.0826672594,2.3186230166,0.117140335007,4.76104110583,0.615384615385,0
2013,10,24.0469991729,4.37771217391,4.94703589744,101480.585128,152.505533333,0.0736871794872,34.0177527852,2.28899125526,0.098086756534,4.73505910751,0.589743589744,0
2013,11,20.3932820513,4.48552087912,1.96644974359,101846.203077,125.141830769,0.0529164102564,34.0573206021,2.32043773826,0.117402058042,4.76655329397,0.466666666667,0
2013,12,15.3966964433,3.74214931507,3.40931076923,102085.731282,120.578124615,0.0672194871795,34.180091032,2.36889760586,0.170953774603,4.79884990578,0.374358974359,0
2014,1,10.3767725393,4.35223516484,1.59768153846,102171.623077,135.965538974,0.0261384615385,34.3908472126,2.42327915518,0.242480079974,4.85062132715,0.466666666667,0
2014,2,6.74071062271,3.50690238095,4.21955897436,101952.75641,101.499885128,0.171733846154,34.4961061335,2.50393760087,0.315672265494,4.92329000317,0.215384615385,0
2014,3,5.40198676592,4.38406530612,1.31374461538,101701.543333,181.25142,0.0967764102564,34.5903487484,2.5561722108,0.368599766703,4.97992241064,0.502564102564,0
2014,4,6.73534700855,4.07773592233,1.86299641026,101271.848974,197.137184615,0.128622051282,34.6973382016,2.57244440805,0.388788013438,4.98694572842,0.528205128205,1
2014,5,10.3978941274,4.71511470588,2.34776769231,100759.796923,232.345413333,0.142731282051,34.6514372667,2.55078383808,0.368967340364,4.98726713114,0.523076923077,1
2014,6,15.3916,4.65515490196,1.47929179487,100194.576667,187.742492308,0.285767692308,34.4869631992,2.50155292726,0.315350117822,4.92770020453,0.523076923077,1
2014,7,20.3905856079,6.4762559322,2.29046974359,100187.79641,215.242554359,0.178816923077,34.3388487312,2.43440910451,0.243092251392,4.85406187529,0.605128205128,1
2014,8,24.053229115,4.2534380531,1.15561179487,100316.854103,171.153623077,0.253826153846,34.2199904983,2.35053285084,0.169902199541,4.79032335687,0.579487179487,1
2014,9,25.3819897436,4.44652300885,2.79724410256,100753.535385,159.072876923,0.201637948718,34.076195075,2.30248476851,0.117211235985,4.73380166655,0.579487179487,1
2014,10,24.0505558313,4.10647821782,2.89598410256,101448.575641,168.510467692,0.0378969230769,34.0385493851,2.28592625989,0.0968998119899,4.71782375589,0.517948717949,0
2014,11,20.3900222222,3.95061632653,2.57621538462,101793.520256,115.531030769,0.0554948717949,34.0996523231,2.30609171194,0.116797858554,4.73176425834,0.502564102564,1
2014,12,15.3893614557,5.52286351351,3.85175589744,102352.304103,116.002731282,0.0204841025641,34.1571932665,2.35720551459,0.170197519092,4.77150516407,0.379487179487,0
2015,1,10.3874871795,4.66088953488,2.97244,102241.510513,114.006617436,0.0607656410256,34.3359330452,2.41187025973,0.241281508777,4.82735086712,0.441025641026,1
2015,2,6.73337179487,3.51546352941,2.05045641026,101981.251282,127.377757949,0.102485128205,34.5413790749,2.48528753931,0.31406873022,4.89515225828,0.435897435897,0
2015,3,5.37509842845,3.70165940594,1.83030717949,101801.986923,172.05868,0.0960015384615,34.6766670839,2.53811507004,0.367514465658,4.95165882199,0.517948717949,0
2015,4,6.71814700855,4.95340619469,0.651755384615,101210.422821,210.702723077,0.0631174358974,34.6849593626,2.56138584732,0.38645730091,4.96944578547,0.579487179487,1
2015,5,10.3981422663,4.18894495413,1.80544717949,100612.460513,214.416491795,0.192795384615,34.6821555584,2.54493964967,0.367079564155,4.96547402688,0.558974358974,1
2015,6,15.3933965812,3.44002592593,1.91896974359,100222.675641,172.583815385,0.437396923077,34.558958986,2.48908307431,0.313979704309,4.91010078277,0.553846153846,1
2015,7,20.3999073615,7.17993361345,2.00996974359,100108.537949,204.935388205,0.262621025641,34.3565124014,2.4148726211,0.24130253409,4.82233201273,0.610256410256,0
2015,8,24.0372555831,6.45197394958,1.9703374359,100329.261026,210.295494872,0.171124615385,34.2031868968,2.3415473037,0.168908008572,4.76541655833,0.610256410256,1
2015,9,25.4057538462,4.46475932203,2.33639589744,100880.16641,182.383692308,0.111074871795,34.1555941607,2.29114177044,0.116482381584,4.711839395,0.605128205128,1
2015,10,24.0452241522,4.01495576923,2.44594153846,101518.66359,155.048042051,0.0511656410256,34.1385207817,2.26841016566,0.0964724872265,4.69010250344,0.533333333333,0
2015,11,20.4052495726,3.18039411765,2.24574051282,101857.147436,79.9635692308,0.193364615385,34.1247863749,2.29492296641,0.116040243796,4.70310470141,0.435897435897,0
2015,12,15.3966054591,4.56435694444,3.40025333333,102276.850769,89.0944928205,0.0986533333333,34.2299787347,2.34198765974,0.169146946588,4.75806546481,0.369230769231,0
2016,1,10.3890388751,5.18709684211,3.65704153846,102258.430769,93.5183676923,0.110182564103,34.4480589176,2.4023824708,0.240217317747,4.79511314775,0.487179487179,0
2016,2,6.73543943413,4.580953125,1.38164102564,102257.216923,162.685285641,0.0487128205128,34.5935450903,2.46892717111,0.311873451412,4.87721204097,0.492307692308,1
2016,3,5.39097601323,3.61325326087,1.63910923077,101760.299487,183.077924103,0.0587246153846,34.716037874,2.52385307332,0.365249328704,4.92823640895,0.471794871795,1
2016,4,6.74505811966,4.72391909091,1.52400205128,100957.669231,180.148646154,0.232404102564,34.7380660429,2.54528481672,0.384785490314,4.9367886044,0.564102564103,1
2016,5,10.3927063689,5.84991121495,1.62401897436,100747.791282,193.261392308,0.259305641026,34.6843078407,2.52776446391,0.364954949031,4.94033807035,0.548717948718,1
2016,6,15.3801521368,5.1070785124,2.05434,100349.06641,182.096353846,0.305254871795,34.5891563258,2.47437671499,0.312493293037,4.87824095795,0.620512820513,0
2016,7,20.3990057899,7.00969016393,3.8327025641,100222.248205,238.259656923,0.131105128205,34.4747480502,2.39743479307,0.24002102607,4.81678412579,0.625641025641,1
2016,8,24.0441555004,6.02960245902,1.73526,100151.282564,241.977224615,0.0588523076923,34.3131130403,2.33273273237,0.167855843803,4.7332220835,0.625641025641,1
2016,9,25.4012991453,5.24374918033,2.95076358974,100735.583333,165.439107692,0.198756410256,34.1553100329,2.27443794536,0.115792108101,4.67889029424,0.625641025641,0
2016,10,24.0492506203,5.29473389831,3.95141230769,101302.961538,101.028300513,0.221697435897,34.1223660495,2.2623018697,0.0961356523838,4.66627865439,0.605128205128,0
2016,11,20.388225641,5.54035950413,2.50960666667,101836.368205,96.5396769231,0.104818461538,34.1788769401,2.27397119432,0.115877288601,4.6796390928,0.620512820513,0
2016,12,15.4030818859,5.30184628099,2.52547589744,102149.450256,90.6189615385,0.0714497435897,34.2814586012,2.32398636938,0.167923148955,4.71755424061,0.620512820513,0
2017,1,10.3974342432,4.91740720721,3.12463230769,102217.49641,102.553071282,0.0611687179487,34.4540578069,2.38584035255,0.239320040696,4.78221998453,0.569230769231,0
2017,2,6.72530586081,5.69667948718,2.1936025641,102166.388718,148.899778462,0.0377092307692,34.6121525631,2.46026760254,0.310528231565,4.84397315904,0.6,1
2017,3,5.38483043838,5.39965982906,2.00259897436,101702.685128,168.895233333,0.103148205128,34.7482906393,2.50868178586,0.362287957208,4.90212918455,0.6,1
2017,4,6.72605470085,5.40173898305,0.81269025641,101044.087436,225.273938462,0.127276923077,34.7417345639,2.5292523464,0.383034305925,4.92510097514,0.605128205128,0
2017,5,10.4044896609,5.46294628099,2.21507128205,100837.161795,239.082253846,0.102346153846,34.7066560524,2.5096580193,0.362424377044,4.91045006218,0.620512820513,1
2017,6,15.3880273504,5.48539173554,2.14878769231,100421.600513,181.163630769,0.289951794872,34.5833226148,2.45867916987,0.31039922605,4.83881749787,0.620512820513,1
2017,7,20.3887047146,6.11448770492,4.11327384615,100318.330513,265.696993846,0.0415656410256,34.4758422213,2.38939435431,0.238255643028,4.77997351957,0.625641025641,1
2017,8,24.0447493797,5.72278760331,2.16794,100256.706154,228.601551282,0.0876558974359,34.3404028639,2.31754835368,0.166929615541,4.69664554649,0.620512820513,0
2017,9,25.4035982906,4.89859008264,2.67390923077,100765.486667,158.498938462,0.206851794872,34.2085362307,2.261050299,0.114916551183,4.66019169267,0.620512820513,0
2017,10,24.0522894955,5.65833553719,5.06075948718,101530.261026,130.12132359,0.185465128205,34.2062780502,2.2483786488,0.0961161709237,4.63047361123,0.620512820513,0
2017,11,20.4019196581,5.5975446281,3.01900769231,101893.339487,100.755553846,0.111539487179,34.1762174608,2.26381087956,0.114678609082,4.65033950591,0.620512820513,0
2017,12,15.3940562448,6.59162881356,2.94715435897,102321.661026,110.648999487,0.0300815384615,34.2901917871,2.31748578982,0.167422224995,4.70364704341,0.605128205128,0
2018,1,10.3838378825,5.57067410714,3.57468307692,102134.49641,90.209125641,0.11314974359,34.4820362679,2.37813882547,0.237128349592,4.74377869334,0.574358974359,0
2018,2,6.73738461538,5.58850695652,2.16137538462,102057.063846,144.856506667,0.0675035897436,34.6620462301,2.44837350982,0.308564251818,4.81723546033,0.589743589744,0
2018,3,5.38431100083,4.63116068376,1.16690153846,101571.508205,175.56285641,0.0733676923077,34.7825691176,2.49526605047,0.360550807319,4.86588707042,0.6,0
2018,4,6.72284786325,5.46820338983,1.30070153846,101181.774103,231.601338462,0.0785815384615,34.7704336872,2.51439570559,0.379279112617,4.88911964728,0.605128205128,0
2018,5,10.3984234905,6.19589590164,1.77835128205,100728.652564,202.902614872,0.143691794872,34.7712453717,2.49686489807,0.360419100292,4.87520164943,0.625641025641,1
2018,6,15.3934700855,5.63022622951,2.36096512821,100296.497949,218.846969231,0.156493846154,34.6744113394,2.44380982161,0.308694442729,4.82375326573,0.625641025641,0
2018,7,20.3901505376,6.58687560976,3.59677076923,100159.207436,247.367266154,0.101665128205,34.5303506207,2.3724161264,0.237269604622,4.73840491973,0.630769230769,0
2018,8,24.059751861,5.61800569106,3.11303538462,100019.800256,225.179453333,0.175888717949,34.3415688753,2.30284153492,0.166696388388,4.68531915205,0.630769230769,1
2018,9,25.3816376068,5.86335528455,2.26445897436,100833.569744,172.308692308,0.155821025641,34.2525396751,2.25021961973,0.114175483227,4.63203144766,0.630769230769,0
2018,10,24.0550521092,6.24654471545,3.49016666667,101574.654359,153.908338974,0.0628876923077,34.2200727971,2.23188733271,0.0953905101014,4.60736595209,0.630769230769,0
2018,11,20.3935846154,6.55149186992,2.60815948718,101849.923077,100.789261538,0.108836923077,34.2600419561,2.25478956562,0.113849928346,4.63070299705,0.630769230769,0
2018,12,15.3922398677,5.87712377049,4.06260615385,102291.052308,67.1004697436,0.144711282051,34.3771829154,2.30132771132,0.166154114312,4.6791031689,0.625641025641,0
2019,1,10.4019239041,5.71725371901,3.21873589744,102351.14359,91.4071723077,0.0805241025641,34.5275172909,2.3612835605,0.236133096853,4.72784604472,0.620512820513,0
2019,2,6.72268315018,5.69254782609,3.49142666667,102050.038974,91.4097476923,0.162938461538,34.6781488907,2.43354020715,0.306793202974,4.79492420387,0.589743589744,0
2019,3,5.39040363937,5.40400247934,1.32558820513,101569.174103,175.277290769,0.0993733333333,34.8136632805,2.48773778691,0.358936391937,4.84362423363,0.620512820513,0
2019,4,6.73165811966,5.4002,1.58668,101077.270513,191.326307692,0.117433333333,34.8625180182,2.49753394306,0.377376670393,4.86960311696,0.625641025641,1
2019,5,10.3975401158,5.55928934426,1.59129230769,100863.802821,241.298435897,0.102144615385,34.7877539252,2.48007988197,0.358361960576,4.83755232816,0.625641025641,1
2019,6,15.3960478632,5.3459661157,2.21951128205,100287.356154,205.009953846,0.213628205128,34.6964657699,2.43019179463,0.306746360441,4.79748192792,0.620512820513,1
2019,7,20.3867179487,6.50567804878,2.52200051282,100092.231282,210.761846154,0.22322,34.5249367373,2.35518621536,0.235902184165,4.70611142916,0.630769230769,1
2019,8,24.0549644334,6.02498292683,2.53232102564,100139.067179,224.901152821,0.211873846154,34.3659250042,2.28762211133,0.165076188324,4.65577716011,0.630769230769,0
2019,9,25.3927179487,5.48647479675,3.6383625641,100888.107949,189.815123077,0.207920512821,34.3025608256,2.2376300908,0.114144602043,4.60220663779,0.630769230769,0
2019,10,24.0384582299,5.97858292683,3.22479846154,101477.023333,151.683842564,0.0847543589744,34.2424180225,2.2213228984,0.0943836009626,4.5774891838,0.630769230769,0
2019,11,20.3858837607,6.21647398374,3.04904666667,101873.045641,112.994092308,0.0449117948718,34.281586816,2.24084633919,0.113745208641,4.5864820156,0.630769230769,0
2019,12,15.386688172,6.49620737705,2.98806205128,102198.402051,94.6927112821,0.0797548717949,34.400113298,2.29010688449,0.165258609812,4.64148052348,0.625641025641,0
2020,1,10.4021538462,5.96301570248,3.18340923077,102024.997949,81.0578779487,0.126483589744,34.5726438766,2.34424829177,0.23479001309,4.69570735498,0.620512820513,0
2020,2,6.72666136163,5.3136775,1.52669846154,102165.190769,140.160554359,0.0939282051282,34.7282882307,2.41590346332,0.305549405471,4.76454509835,0.615384615385,0
2020,3,5.39127047146,5.27123140496,1.66098307692,101540.232051,167.556224103,0.122090769231,34.8335665931,2.46849422395,0.356538112344,4.82012160235,0.620512820513,0
2020,4,6.72933333333,5.99635409836,1.04972102564,101556.353846,244.766923077,0.0519338461538,34.8753026153,2.49415570406,0.375351451459,4.82581677101,0.625641025641,1
2020,5,10.3833052109,5.66845702479,1.97358410256,100624.804872,216.92312,0.15184974359,34.8524293558,2.46848322794,0.356256549468,4.82668765211,0.620512820513,1
2020,6,15.3904034188,5.78542377049,2.12573538462,100218.274103,170.810553846,0.409876923077,34.7069795927,2.42037539779,0.305770864465,4.76228393869,0.625641025641,0
2020,7,20.3980430108,6.29425702479,2.37357487179,100252.387179,182.580382051,0.292178974359,34.5886696761,2.34878105452,0.234524137329,4.70296571215,0.620512820513,0
2020,8,24.0608635236,6.38115203252,3.89229487179,100315.11,231.078467179,0.127633333333,34.4358899443,2.28051312573,0.16448717848,4.62566115447,0.630769230769,1
2020,9,25.384357265,5.90615447154,2.24284666667,100806.306667,171.4534,0.153674871795,34.3131696276,2.22875929231,0.11298115704,4.56315150668,0.630769230769,0
2020,10,24.0547361456,5.45415203252,4.20592564103,101635.918974,145.153795897,0.0411569230769,34.2795866335,2.20613637819,0.0941999968723,4.55202411045,0.630769230769,0
2020,11,20.3905367521,5.83881626016,3.36236717949,102060.574359,103.911938462,0.0535430769231,34.3344781375,2.22614630528,0.11227072466,4.55567614063,0.630769230769,0
2020,12,15.3902084367,5.92461803279,4.44577589744,102324.696923,96.105834359,0.0333630769231,34.4137149419,2.27738576747,0.164728829321,4.62745953492,0.625641025641,0
2021,1,10.3913813069,7.06547377049,2.32208717949,102182.851795,122.955967692,0.0252169230769,34.6076930676,2.3337758626,0.233678538548,4.66381185625,0.625641025641,0
2021,2,6.72839194139,5.24604916667,2.09324153846,101807.382564,134.744845128,0.0908517948718,34.7676637478,2.40422043929,0.30345494108,4.74401180463,0.615384615385,1
2021,3,5.39332837055,5.22996528926,2.03232974359,101588.822821,156.007388718,0.121754358974,34.8800238323,2.45408532317,0.354435238525,4.79490093829,0.620512820513,0
2021,4,6.72377435897,6.12948278689,1.90915435897,101404.160256,205.826384615,0.0926374358974,34.9215070397,2.47406346371,0.373358683931,4.81276949926,0.625641025641,1
2021,5,10.3874937965,5.97948196721,1.9822574359,100619.618462,212.362845128,0.244148717949,34.8767228448,2.45885428286,0.35508477056,4.78340982873,0.625641025641,0
2021,6,15.3861196581,5.18604344262,2.46285333333,100254.572821,189.789015385,0.274367179487,34.7708003962,2.40959802805,0.303447062312,4.73813741764,0.625641025641,1
2021,7,20.385280397,6.25929918699,3.99301641026,100051.445128,204.262704103,0.374475897436,34.572417332,2.33037777229,0.232897206489,4.68563339398,0.630769230769,1
2021,8,24.052719603,6.21446097561,2.2813574359,100321.905641,200.985733846,0.21749025641,34.426494003,2.2690308206,0.16291156777,4.60698232189,0.630769230769,0
2021,9,25.3948478632,5.76552601626,1.05050358974,100705.702564,187.108953846,0.233145641026,34.3347958631,2.21383087775,0.112233536641,4.55149158525,0.630769230769,1
2021,10,24.0576526055,5.85282601626,3.25217538462,101601.821026,139.25627641,0.10792974359,34.2366202493,2.1863213007,0.0930246237936,4.52042186161,0.630769230769,1
2021,11,20.3782820513,6.22265284553,1.84435333333,101776.540513,125.252784615,0.09408,34.359189491,2.21397404367,0.112771953224,4.5619601065,0.630769230769,1
2021,12,15.3705442514,6.2825557377,3.17976512821,102318.292821,112.691772308,0.0250051282051,34.4568019293,2.25885226564,0.163027726155,4.57850918933,0.625641025641,1
2022,1,10.3847047146,5.84359344262,3.68720564103,102145.449744,93.3436548718,0.0743630769231,34.6468483263,2.32852194708,0.23208337655,4.64374757203,0.625641025641,0
2022,2,6.71851282051,4.79985333333,3.94659538462,102302.207949,115.140422564,0.103927179487,34.784013437,2.39057008548,0.301208476878,4.69786769103,0.615384615385,0
2022,3,5.38809098428,5.12001487603,1.4662825641,101424.34359,168.600685641,0.158951794872,34.8772870985,2.44244591012,0.352537700677,4.7618154591,0.620512820513,0
2022,4,6.73561709402,5.1005704918,1.45036461538,101302.272051,215.269738462,0.138230769231,34.9534323944,2.46087632542,0.371397000612,4.77796033014,0.625641025641,1
2022,5,10.4010769231,5.6676352459,1.82238974359,100936.516923,212.555029231,0.135189230769,34.9540870952,2.44552158482,0.353126032378,4.77062700164,0.625641025641,1
2022,6,15.3860358974,5.61106721311,3.46728205128,100224.516923,213.018015385,0.208580512821,34.8036066975,2.39046382319,0.302049671661,4.70264441504,0.625641025641,1
2022,7,20.3885624483,5.96054634146,2.53894358974,100103.298974,253.863196923,0.0699676923077,34.6267548441,2.3227863725,0.232036317164,4.65056731882,0.630769230769,1
2022,8,24.0448635236,6.02635609756,2.89842410256,100351.542051,245.936592308,0.0390046153846,34.4756263888,2.25256593919,0.162190758422,4.57250667926,0.630769230769,1
2022,9,25.3850923077,5.78372357724,3.84821128205,100700.089744,173.762938462,0.262699487179,34.3875228884,2.19831296815,0.111665841279,4.51748592953,0.630769230769,0
2022,10,24.0531348222,6.40829186992,4.35999897436,101749.428205,139.000454872,0.032661025641,34.3154781631,2.18271133694,0.0930712905056,4.5029872632,0.630769230769,0
2022,11,20.3982051282,6.28153902439,2.54279025641,101647.298974,99.7438307692,0.0965456410256,34.3943257917,2.20243353173,0.112275788676,4.52856193609,0.630769230769,0
2022,12,15.3869214227,6.77721885246,4.48658,102277.527949,94.2497133333,0.0586348717949,34.4909695382,2.25124624496,0.162822937821,4.58327939298,0.625641025641,0
2023,1,10.3974193548,6.07629344262,2.55917179487,102197.512821,119.381763077,0.0628128205128,34.6628930168,2.31124223064,0.230855927309,4.60045045172,0.625641025641,0
2023,2,6.73078937729,5.676495,3.88107589744,102205.972821,122.434322051,0.0889933333333,34.8643956065,2.37329557684,0.299869496725,4.68997784821,0.615384615385,0
2023,3,5.3885789909,5.20886890756,1.60974205128,101694.851538,168.713366667,0.0768558974359,34.9375049214,2.42582103184,0.350690910616,4.74102717169,0.610256410256,0
2023,4,6.72268034188,5.90245491803,1.38999692308,101104.351795,208.584123077,0.121144615385,34.985032006,2.44727410036,0.369129816573,4.75128638031,0.625641025641,1
2023,5,10.3910967742,5.38841557377,1.80256410256,100798.943077,212.238241026,0.124684102564,34.9602605101,2.42473540212,0.350115153934,4.75053771642,0.625641025641,1
2023,6,15.3897333333,5.33929098361,2.10748974359,100335.828718,188.0602,0.293216410256,34.814353811,2.37919122145,0.299941419134,4.67725595609,0.625641025641,0
2023,7,20.3928039702,5.9679,3.99531333333,100260.005128,198.187991795,0.230983076923,34.687201929,2.30676299464,0.230442071685,4.61178142118,0.625641025641,1
2023,8,24.0578693135,6.02384552846,1.51222666667,100096.10641,221.145351795,0.131449230769,34.4782150457,2.2377353194,0.161205509689,4.54565951224,0.630769230769,0
2023,9,25.3928820513,5.31937398374,2.12953384615,100804.057436,177.923784615,0.122320512821,34.4221303932,2.18391145484,0.111456672155,4.49830109722,0.630769230769,1
2023,10,24.0511712159,5.54635528455,2.57421179487,101538.532821,153.319148205,0.0433471794872,34.3991509491,2.17147229512,0.0925459887565,4.4693990992,0.630769230769,0
2023,11,20.3891623932,5.87123252033,1.82282615385,101910.19359,130.344476923,0.0644256410256,34.3844567596,2.18466807863,0.110550083123,4.49541360989,0.630769230769,0
2023,12,15.3873945409,5.82274754098,2.79047179487,102236.535897,101.796083077,0.0513830769231,34.533435829,2.23461327198,0.161572092176,4.5455020386,0.625641025641,0
